single_target	pert_id	pert_iname	moa	norm_cs	mean_abs_shap	circuits_above_zero
EDNRA	BRD-K11433652	aspirin	Cyclooxygenase inhibitor	-1.9707	0.00598780840226886	1
NFKB1	BRD-K11433652	aspirin	Cyclooxygenase inhibitor	-1.9707	0.707567173303644	30
KCNJ8	BRD-K73109821	diazoxide	Potassium channel activator	-1.9307	0.112648331202736	9
AR	BRD-K41494493	bisphenol-a	Synthetic estrogen	-1.9224	0.00538075600840727	1
CDK4	BRD-K41564320	purvalanol-b	CDK inhibitor	1.9535	0.610316684283756	34
EGFR	BRD-K88741031	BRD-K88741031	Tyrosine kinase inhibitor|EGFR inhibitor	1.9805	0.169799002032272	14
KDR	BRD-K63504947	semaxanib	VEGFR inhibitor	1.9958	0.00652201980873026	1
PDGFRA	BRD-K93918653	quizartinib	FLT3 inhibitor	2.0438	0.0117239607674333	1
PDGFRB	BRD-K93918653	quizartinib	FLT3 inhibitor	2.0438	0.0237023790138071	3
TYR	BRD-K03981224	ethisterone	Progestogen hormone	2.0691	0.0448797052955172	3
SCNN1A	BRD-K92049597	triamterene	Sodium channel inhibitor	2.1633	0.0106310062364628	1
