Disease	Disease_id	Gene	Gene_id	UniProt	Gene_Full_Name	Protein_Class	N_diseases_g	DSI_g	DPI_g	pLI	Score_gda	EL_gda	EI_gda	N_PMIDs	N_SNPs_gda	First_Ref	Last_Ref
Fanconi Anemia	C0015625	FANCL	55120	Q9NW38	FA complementation group L	Enzyme	137	0.551	0.731	5.9404e-23	0.7		1.0	28	11	2003.0	2020.0
Fanconi Anemia	C0015625	FANCD2	2177	Q9BXW9	FA complementation group D2		272	0.479	0.885	1.0974e-30	0.7	strong	0.972	176	6	1998.0	2020.0
Fanconi Anemia	C0015625	FANCC	2176	Q00597	FA complementation group C		218	0.507	0.808	2.7921e-13	0.7	strong	1.0	92	32	1992.0	2019.0
Fanconi Anemia	C0015625	FANCA	2175	O15360	FA complementation group A		211	0.505	0.731	1.5943e-68	0.7	strong	0.978	135	64	1991.0	2020.0
Fanconi Anemia	C0015625	FANCM	57697	Q8IYD8	FA complementation group M	Enzyme	147	0.543	0.731	2.3536e-15	0.7		0.941	34	1	2005.0	2019.0
Fanconi Anemia	C0015625	FANCG	2189	O15287	FA complementation group G		132	0.556	0.769	2.4859e-14	0.7	strong	0.935	31	15	1998.0	2017.0
Fanconi Anemia	C0015625	BRIP1	83990	Q9BX63	BRCA1 interacting protein C-terminal helicase 1	Enzyme	194	0.507	0.731	6.206e-17	0.7	strong	0.957	46	2	2005.0	2019.0
Fanconi Anemia	C0015625	SLX4	84464	Q8IY92	SLX4 structure-specific endonuclease subunit		123	0.565	0.731	1.5676e-22	0.7	strong	1.0	15	7	2009.0	2017.0
Fanconi Anemia	C0015625	RAD51C	5889	O43502	RAD51 paralog C		162	0.533	0.692	6.1906e-14	0.6	moderate	1.0	19	1	2009.0	2019.0
Fanconi Anemia	C0015625	RAD51	5888	Q06609	RAD51 recombinase		363	0.447	0.846	0.026578	0.6	moderate	1.0	26	1	2002.0	2019.0
Fanconi Anemia	C0015625	BRCA1	672	P38398	BRCA1 DNA repair associated	Enzyme	747	0.367	0.923	9.2157e-29	0.6		1.0	47	2	2001.0	2020.0
Fanconi Anemia	C0015625	ERCC4	2072	Q92889	ERCC excision repair 4, endonuclease catalytic subunit	Enzyme	325	0.468	0.846	1.3758e-12	0.6	strong	0.917	12	2	2007.0	2018.0
Fanconi Anemia	C0015625	UBE2T	29089	Q9NPD8	ubiquitin conjugating enzyme E2 T		137	0.55	0.731	1.0599e-05	0.59	strong	1.0	10	0	2006.0	2019.0
Fanconi Anemia	C0015625	XRCC2	7516	O43543	X-ray repair cross complementing 2		187	0.512	0.731	3.955e-07	0.54	strong	1.0	5	0	2012.0	2019.0
Fanconi Anemia	C0015625	MAD2L2	10459	Q9UI95	mitotic arrest deficient 2 like 2		144	0.547	0.731	0.082082	0.51	strong	1.0	2	0	2016.0	2017.0
Fanconi Anemia	C0015625	FANCI	55215	Q9NVI1	FA complementation group I		147	0.543	0.731	8.9116e-37	0.5	strong	1.0	34	8	2001.0	2019.0
Fanconi Anemia	C0015625	BRCA2	675	P51587	BRCA2 DNA repair associated	Nucleic acid binding	656	0.379	0.846	2.3581e-25	0.5	strong	0.97	99	8	1998.0	2019.0
Fanconi Anemia	C0015625	FANCF	2188	Q9NPI8	FA complementation group F		153	0.535	0.731	0.45886	0.5	strong	1.0	24	3	2000.0	2019.0
Fanconi Anemia	C0015625	FANCB	2187	Q8NB91	FA complementation group B		278	0.468	0.769	0.99631	0.48	strong	1.0	9	1	2002.0	2019.0
Fanconi Anemia	C0015625	FANCE	2178	Q9HB96	FA complementation group E		144	0.553	0.808	1.5278e-06	0.4	strong	0.933	15	0	1995.0	2020.0
Fanconi Anemia	C0015625	PALB2	79728	Q86YC2	partner and localizer of BRCA2		260	0.485	0.769	3.0379e-19	0.4	strong	1.0	29	0	2007.0	2019.0
Fanconi Anemia	C0015625	TNF	7124	P01375	tumor necrosis factor	Signaling	2724	0.231	0.962	0.8033	0.4		1.0	13	0	1994.0	2014.0
Fanconi Anemia	C0015625	ERCC1	2067	P07992	ERCC excision repair 1, endonuclease non-catalytic subunit	Enzyme	345	0.445	0.846	1.5933e-07	0.32	strong	1.0	3	0	2007.0	2009.0
Fanconi Anemia	C0015625	RFWD3	55159	Q6PCD5	ring finger and WD repeat domain 3	Enzyme	119	0.569	0.731	3.5331e-10	0.32		1.0	2	1	2017.0	2017.0
Fanconi Anemia	C0015625	MX1	4599	P20591	MX dynamin like GTPase 1	Enzyme modulator	71	0.599	0.731	3.4206e-18	0.3		1.0	1	0	1997.0	1997.0
Fanconi Anemia	C0015625	USP1	7398	O94782	ubiquitin specific peptidase 1	Enzyme	50	0.641	0.538	0.99691	0.26		1.0	6	0	2005.0	2017.0
Fanconi Anemia	C0015625	ZNF276	92822	Q8N554	zinc finger protein 276	Transcription factor	8	0.861	0.192	7.8951e-06	0.11		1.0	11	6	1997.0	2018.0
Fanconi Anemia	C0015625	CBLL2	158506	Q8N7E2	Cbl proto-oncogene like 2	Enzyme	235	0.476	0.808		0.1		1.0	11	0	2006.0	2019.0
Fanconi Anemia	C0015625	BLM	641	P54132	BLM RecQ like helicase		158	0.535	0.808	1.5376e-15	0.1		1.0	10	0	2003.0	2019.0
Fanconi Anemia	C0015625	GAS2	2620	O43903	growth arrest specific 2		10	0.792	0.269	0.00080175	0.1		1.0	1	2	2004.0	2004.0
Fanconi Anemia	C0015625	ATM	472	Q13315	ATM serine/threonine kinase	Kinase	684	0.374	0.885	5.5884e-47	0.1		1.0	13	0	2002.0	2018.0
Fanconi Anemia	C0015625	TP53	7157	P04637	tumor protein p53	Transcription factor	2494	0.236	0.962	0.53235	0.1		1.0	20	0	1994.0	2019.0
Fanconi Anemia	C0015625	PRKN	5071	O60260	parkin RBR E3 ubiquitin protein ligase	Enzyme	409	0.431	0.846	6.9346e-07	0.1		1.0	11	0	2006.0	2019.0
Fanconi Anemia	C0015625	CHEK1	1111	O14757	checkpoint kinase 1	Kinase	195	0.492	0.808	3.14e-08	0.1		1.0	11	0	2004.0	2017.0
Fanconi Anemia	C0015625	MUL1	79594	Q969V5	mitochondrial E3 ubiquitin protein ligase 1		241	0.473	0.808	1.9108e-06	0.1		1.0	11	0	2006.0	2019.0
Fanconi Anemia	C0015625	FAN1	22909	Q9Y2M0	FANCD2 and FANCI associated nuclease 1		93	0.61	0.577	1.6512e-25	0.1		0.9	10	0	2010.0	2019.0
Fanconi Anemia	C0015625	FAH	2184	P16930	fumarylacetoacetate hydrolase		78	0.612	0.538	4.0347e-17	0.1		1.0	10	0	1995.0	1999.0
Fanconi Anemia	C0015625	POLG	5428	P54098	DNA polymerase gamma, catalytic subunit	Enzyme	462	0.457	0.846	2.0756e-09	0.1			0	5		
Fanconi Anemia	C0015625	IFNG	3458	P01579	interferon gamma		1519	0.288	0.962	0.47156	0.09		1.0	9	0	1988.0	2012.0
Fanconi Anemia	C0015625	FUT1	2523	P19526	fucosyltransferase 1 (H blood group)	Enzyme	136	0.541	0.692	0.00054555	0.08		0.75	8	0	2012.0	2019.0
Fanconi Anemia	C0015625	CD34	947	P28906	CD34 molecule		674	0.368	0.808	4.9881e-06	0.08		1.0	8	0	1994.0	2018.0
Fanconi Anemia	C0015625	ATR	545	Q13535	ATR serine/threonine kinase	Kinase	321	0.456	0.923	3.5177e-09	0.08		1.0	8	0	2004.0	2015.0
Fanconi Anemia	C0015625	PARP1	142	P09874	poly(ADP-ribose) polymerase 1		565	0.389	0.923	0.00033366	0.07		1.0	7	0	2003.0	2016.0
Fanconi Anemia	C0015625	RUNX1	861	Q01196	RUNX family transcription factor 1	Transcription factor	412	0.425	0.808	0.65377	0.06		1.0	6	0	2003.0	2018.0
Fanconi Anemia	C0015625	COL11A2	1302	P13942	collagen type XI alpha 2 chain		399	0.435	0.846	0.70197	0.06		1.0	6	0	2003.0	2016.0
Fanconi Anemia	C0015625	NBN	4683	O60934	nibrin	Nucleic acid binding	291	0.467	0.808	2.1838e-16	0.06		1.0	6	0	2001.0	2019.0
Fanconi Anemia	C0015625	RAD18	56852	Q9NS91	RAD18 E3 ubiquitin protein ligase		38	0.691	0.346	1.5787e-08	0.06		1.0	6	0	2010.0	2016.0
Fanconi Anemia	C0015625	DLK1	8788	P80370	delta like non-canonical Notch ligand 1	Signaling	144	0.527	0.692	0.034576	0.05		1.0	5	0	2004.0	2017.0
Fanconi Anemia	C0015625	ALDH2	217	P05091	aldehyde dehydrogenase 2 family member	Enzyme	337	0.457	0.885	3.3959e-10	0.05		1.0	5	0	2013.0	2019.0
Fanconi Anemia	C0015625	PCNA	5111	P12004	proliferating cell nuclear antigen	Nucleic acid binding	581	0.382	0.846	0.97606	0.05		1.0	5	0	2008.0	2020.0
Fanconi Anemia	C0015625	RPS19	6223	P39019	ribosomal protein S19	Nucleic acid binding	256	0.48	0.846	0.92111	0.05		1.0	5	0	2001.0	2018.0
Fanconi Anemia	C0015625	BACH1	571	O14867	BTB domain and CNC homolog 1		86	0.585	0.731	0.57072	0.05		1.0	5	0	2005.0	2012.0
Fanconi Anemia	C0015625	FAAP20	199990	Q6NZ36	FA core complex associated protein 20		4	0.89	0.115	0.52558	0.05		1.0	5	0	2012.0	2019.0
Fanconi Anemia	C0015625	SNU13	4809	P55769	small nuclear ribonucleoprotein 13	Nucleic acid binding	11	0.78	0.346	0.74848	0.05		1.0	5	0	2004.0	2017.0
Fanconi Anemia	C0015625	HPRT1	3251	P00492	hypoxanthine phosphoribosyltransferase 1	Enzyme	210	0.5	0.808	0.93728	0.04		1.0	4	0	1990.0	1999.0
Fanconi Anemia	C0015625	NLRP2	55655	Q9NX02	NLR family pyrin domain containing 2		155	0.515	0.731	1.4201e-38	0.04		1.0	4	0	2001.0	2019.0
Fanconi Anemia	C0015625	SPTAN1	6709	Q13813	spectrin alpha, non-erythrocytic 1		82	0.601	0.615	1.0	0.04		1.0	4	0	2003.0	2018.0
Fanconi Anemia	C0015625	MRE11	4361	P49959	MRE11 homolog, double strand break repair nuclease		171	0.527	0.808	1.264e-12	0.04		1.0	4	0	2001.0	2019.0
Fanconi Anemia	C0015625	DCLRE1A	9937	Q6PJP8	DNA cross-link repair 1A		8	0.821	0.269	1.9357e-09	0.04		1.0	4	0	1991.0	2012.0
Fanconi Anemia	C0015625	H2AX	3014	P16104	H2A.X variant histone	Nucleic acid binding	212	0.484	0.808	0.17652	0.04		1.0	4	0	2007.0	2020.0
Fanconi Anemia	C0015625	MLH1	4292	P40692	mutL homolog 1	Nucleic acid binding	526	0.399	0.808	3.41e-05	0.04		1.0	4	0	2009.0	2013.0
Fanconi Anemia	C0015625	FAAP24	91442	Q9BTP7	FA core complex associated protein 24		4	0.89	0.154	9.2129e-08	0.04		1.0	4	0	2008.0	2016.0
Fanconi Anemia	C0015625	WDR48	57599	Q8TAF3	WD repeat domain 48		57	0.628	0.615	0.99985	0.03		1.0	3	0	2007.0	2017.0
Fanconi Anemia	C0015625	IL6	3569	P05231	interleukin 6		2367	0.248	0.962	0.31536	0.03		1.0	3	0	1992.0	1995.0
Fanconi Anemia	C0015625	IL3	3562	P08700	interleukin 3		211	0.489	0.731	2.5874e-09	0.03		1.0	3	0	1993.0	2011.0
Fanconi Anemia	C0015625	RAD50	10111	Q92878	RAD50 double strand break repair protein		110	0.556	0.808	3.4392e-27	0.03		1.0	3	0	2004.0	2019.0
Fanconi Anemia	C0015625	GH1	2688	P01241	growth hormone 1	Signaling	686	0.373	0.923	0.030057	0.03		0.667	3	0	2008.0	2018.0
Fanconi Anemia	C0015625	GYPA	2993	P02724	glycophorin A (MNS blood group)		136	0.538	0.885	0.0010811	0.03		1.0	3	0	1993.0	2005.0
Fanconi Anemia	C0015625	IFNA13	3447	P01562	interferon alpha 13		646	0.374	0.923		0.03		1.0	3	0	1988.0	2000.0
Fanconi Anemia	C0015625	IFNA1	3439	P01562	interferon alpha 1		662	0.371	0.923		0.03		1.0	3	0	1988.0	2000.0
Fanconi Anemia	C0015625	HSP90AA1	3320	P07900	heat shock protein 90 alpha family class A member 1	Chaperone	455	0.411	0.923	0.86025	0.03		1.0	3	0	2007.0	2012.0
Fanconi Anemia	C0015625	HES1	3280	Q14469	hes family bHLH transcription factor 1	Transcription factor	243	0.468	0.885	0.7072	0.03		1.0	3	0	2008.0	2009.0
Fanconi Anemia	C0015625	E2F1	1869	Q01094	E2F transcription factor 1	Nucleic acid binding	324	0.441	0.846	0.9877	0.03		1.0	3	0	2008.0	2018.0
Fanconi Anemia	C0015625	HNF4A	3172	P41235	hepatocyte nuclear factor 4 alpha	Nuclear receptor	340	0.461	0.808	0.15285	0.03		1.0	3	2	2014.0	2016.0
Fanconi Anemia	C0015625	DCLRE1B	64858	Q9H816	DNA cross-link repair 1B		22	0.716	0.577	0.53912	0.03		1.0	3	0	2011.0	2013.0
Fanconi Anemia	C0015625	COX4I1	1327	P13073	cytochrome c oxidase subunit 4I1		32	0.691	0.5	0.39416	0.03		1.0	3	0	2017.0	2019.0
Fanconi Anemia	C0015625	CSF3	1440	P09919	colony stimulating factor 3		687	0.377	0.885	0.38046	0.03		1.0	3	0	1993.0	2018.0
Fanconi Anemia	C0015625	PTEN	5728	P60484	phosphatase and tensin homolog	Enzyme	1349	0.305	0.923	0.25651	0.03		1.0	3	0	2012.0	2016.0
Fanconi Anemia	C0015625	MSH2	4436	P43246	mutS homolog 2	Nucleic acid binding	490	0.406	0.808	0.89539	0.03		1.0	3	0	2011.0	2014.0
Fanconi Anemia	C0015625	NPM1	4869	P06748	nucleophosmin 1	Chaperone	283	0.464	0.846	0.99816	0.03		1.0	3	0	2003.0	2010.0
Fanconi Anemia	C0015625	OCRL	4952	Q01968	OCRL inositol polyphosphate-5-phosphatase	Enzyme	184	0.553	0.731	0.99999	0.03		1.0	3	0	2014.0	2020.0
Fanconi Anemia	C0015625	UCN	7349	P55089	urocortin	Signaling	134	0.539	0.769	0.44958	0.03		1.0	3	0	2009.0	2015.0
Fanconi Anemia	C0015625	SMARCA4	6597	P51532	SWI/SNF related, matrix associated, actin dependent regulator of chromatin, subfamily a, member 4	Epigenetic regulator	347	0.45	0.885	1.0	0.02		1.0	2	0	2012.0	2016.0
Fanconi Anemia	C0015625	TP53BP1	7158	Q12888	tumor protein p53 binding protein 1	Epigenetic regulator	158	0.52	0.731	0.99985	0.02		1.0	2	0	2015.0	2016.0
Fanconi Anemia	C0015625	SOD2	6648	P04179	superoxide dismutase 2	Enzyme	668	0.379	0.923	0.15499	0.02		1.0	2	0	1990.0	2019.0
Fanconi Anemia	C0015625	KITLG	4254	P21583	KIT ligand		249	0.473	0.885	0.85024	0.02		1.0	2	0	1993.0	1995.0
Fanconi Anemia	C0015625	TTK	7272	P33981	TTK protein kinase	Kinase	112	0.555	0.731	0.0012734	0.02		0.5	2	0	2012.0	2018.0
Fanconi Anemia	C0015625	MMP9	4318	P14780	matrix metallopeptidase 9	Enzyme	1337	0.305	0.923	1.8869e-17	0.02		1.0	2	0	2015.0	2017.0
Fanconi Anemia	C0015625	PMS2	5395	P54278	PMS1 homolog 2, mismatch repair system component	Nucleic acid binding	244	0.484	0.808	4.5176e-27	0.02		1.0	2	0	2013.0	2013.0
Fanconi Anemia	C0015625	TXN	7295	P10599	thioredoxin		338	0.447	0.885	0.20119	0.02		1.0	2	0	1998.0	2002.0
Fanconi Anemia	C0015625	MSH6	2956	P52701	mutS homolog 6	Nucleic acid binding	296	0.462	0.731	3.6705e-05	0.02		1.0	2	0	2013.0	2013.0
Fanconi Anemia	C0015625	DDX11	1663	Q96FC9	DEAD/H-box helicase 11	Enzyme	44	0.674	0.577	2.3461e-21	0.02		1.0	2	0	2010.0	2018.0
Fanconi Anemia	C0015625	SCT	6343	P09683	secretin		230	0.484	0.846	1.4425e-07	0.02		1.0	2	0	2012.0	2013.0
Fanconi Anemia	C0015625	UHRF1	29128	Q96T88	ubiquitin like with PHD and ring finger domains 1		125	0.54	0.692		0.02		1.0	2	0	2015.0	2015.0
Fanconi Anemia	C0015625	RB1	5925	P06400	RB transcriptional corepressor 1	Nucleic acid binding	339	0.444	0.885	1.0	0.02		1.0	2	0	2016.0	2018.0
Fanconi Anemia	C0015625	ME1	4199	P48163	malic enzyme 1	Enzyme	58	0.628	0.615	8.2005e-14	0.02		1.0	2	0	2015.0	2017.0
Fanconi Anemia	C0015625	RAD51D	5892	O75771	RAD51 paralog D		36	0.674	0.385	1.0631e-09	0.02		1.0	2	0	2012.0	2019.0
Fanconi Anemia	C0015625	POLD1	5424	P28340	DNA polymerase delta 1, catalytic subunit		189	0.507	0.769	2.4179e-06	0.02		1.0	2	0	1997.0	2013.0
Fanconi Anemia	C0015625	PPARG	5468	P37231	peroxisome proliferator activated receptor gamma	Nuclear receptor	877	0.358	0.885	0.029194	0.02		1.0	2	0	2017.0	2018.0
Fanconi Anemia	C0015625	REV1	51455	Q9UBZ9	REV1 DNA directed polymerase		28	0.691	0.385	0.99989	0.02		1.0	2	0	2008.0	2013.0
Fanconi Anemia	C0015625	MKS1	54903	Q9NXB0	MKS transition zone complex subunit 1	Extracellular structure	231	0.505	0.769	3.3768e-16	0.02		1.0	2	0	2015.0	2017.0
Fanconi Anemia	C0015625	TGFB1	7040	P01137	transforming growth factor beta 1	Signaling	1558	0.287	0.962	0.03685	0.02		1.0	2	0	2018.0	2019.0
Fanconi Anemia	C0015625	IL2	3558	P60568	interleukin 2		950	0.336	0.885	0.47968	0.02		1.0	2	0	1988.0	2014.0
Fanconi Anemia	C0015625	IL1B	3553	P01584	interleukin 1 beta		1801	0.276	0.962	0.13005	0.02		1.0	2	0	2009.0	2011.0
Fanconi Anemia	C0015625	TERC	7012		telomerase RNA component		296	0.471	0.846		0.02		1.0	2	0	2004.0	2005.0
Fanconi Anemia	C0015625	IGF1	3479	P05019	insulin like growth factor 1		1206	0.318	0.885	0.2716	0.02		1.0	2	0	2017.0	2018.0
Fanconi Anemia	C0015625	STAT1	6772	P42224	signal transducer and activator of transcription 1	Nucleic acid binding	531	0.399	0.885	0.99999	0.02		1.0	2	0	2000.0	2013.0
Fanconi Anemia	C0015625	NLN	57486	Q9BYT8	neurolysin	Enzyme	74	0.597	0.731	3.9148e-12	0.02		1.0	2	0	1985.0	1986.0
Fanconi Anemia	C0015625	PAK1	5058	Q13153	p21 (RAC1) activated kinase 1	Kinase	221	0.494	0.808	0.0013306	0.02		1.0	2	0	2016.0	2018.0
Fanconi Anemia	C0015625	OPRM1	4988	P35372	opioid receptor mu 1	G-protein coupled receptor	370	0.457	0.808	7.8882e-11	0.02		1.0	2	0	1985.0	1986.0
Fanconi Anemia	C0015625	MAPK1	5594	P28482	mitogen-activated protein kinase 1	Kinase	1059	0.33	0.923	0.99698	0.02		1.0	2	0	2012.0	2013.0
Fanconi Anemia	C0015625	PRTN3	5657	P24158	proteinase 3	Enzyme	215	0.503	0.808	3.8044e-05	0.02		1.0	2	0	2009.0	2012.0
Fanconi Anemia	C0015625	MECOM	2122	Q03112	MDS1 and EVI1 complex locus		191	0.513	0.731	1.0	0.02		1.0	2	0	2007.0	2018.0
Fanconi Anemia	C0015625	ABL1	25	P00519	ABL proto-oncogene 1, non-receptor tyrosine kinase	Kinase	395	0.432	0.923	0.99998	0.02		1.0	2	0	2011.0	2017.0
Fanconi Anemia	C0015625	SYF2	25949	O95926	SYF2 pre-mRNA splicing factor		24	0.7	0.5	0.0056136	0.02		1.0	2	0	2009.0	2012.0
Fanconi Anemia	C0015625	CTBP1	1487	Q13363	C-terminal binding protein 1	Transcription factor	154	0.559	0.692	0.98442	0.02		1.0	2	0	2013.0	2014.0
Fanconi Anemia	C0015625	CASP3	836	P42574	caspase 3	Enzyme	819	0.351	0.923	0.10017	0.02		1.0	2	0	2000.0	2002.0
Fanconi Anemia	C0015625	KAT5	10524	Q92993	lysine acetyltransferase 5		138	0.534	0.769	0.088234	0.02		1.0	2	0	2008.0	2017.0
Fanconi Anemia	C0015625	RNF8	9025	O76064	ring finger protein 8		27	0.695	0.462	0.99943	0.02		1.0	2	0	2012.0	2017.0
Fanconi Anemia	C0015625	PRDX6	9588	P30041	peroxiredoxin 6	Enzyme	93	0.572	0.731	4.8237e-05	0.02		1.0	2	0	2009.0	2012.0
Fanconi Anemia	C0015625	ATAD5	79915	Q96QE3	ATPase family AAA domain containing 5		33	0.711	0.385	1.0	0.02		1.0	2	0	2013.0	2015.0
Fanconi Anemia	C0015625	OPN4	94233	Q9UHM6	opsin 4	G-protein coupled receptor	87	0.579	0.769	9.0073e-13	0.02		1.0	2	0	1985.0	1986.0
Fanconi Anemia	C0015625	MSC	9242	O60682	musculin		241	0.475	0.846	0.024651	0.02		1.0	2	0	2018.0	2019.0
Fanconi Anemia	C0015625	ERCC2	2068	P18074	ERCC excision repair 2, TFIIH core complex helicase subunit	Enzyme	499	0.42	0.846	7.0654e-20	0.02		1.0	2	0	2010.0	2018.0
Fanconi Anemia	C0015625	CDK1	983	P06493	cyclin dependent kinase 1	Kinase	214	0.482	0.808	0.99206	0.02		1.0	2	0	1997.0	2013.0
Fanconi Anemia	C0015625	XRCC3	7517	O43542	X-ray repair cross complementing 3		184	0.505	0.769	1.9134e-10	0.02		1.0	2	0	1992.0	2019.0
Fanconi Anemia	C0015625	GATA3	2625	P23771	GATA binding protein 3		429	0.415	0.846	0.89887	0.02		1.0	2	0	2011.0	2012.0
Fanconi Anemia	C0015625	CDC42	998	P60953	cell division cycle 42	Enzyme modulator	327	0.458	0.846	0.78728	0.02		1.0	2	0	2008.0	2018.0
Fanconi Anemia	C0015625	ERVW-4	100616496		endogenous retrovirus group W member 4		32	0.686	0.615		0.02		1.0	2	0	2017.0	2020.0
Fanconi Anemia	C0015625	HPGDS	27306	O60760	hematopoietic prostaglandin D synthase		570	0.388	0.923	1.8063e-06	0.02		1.0	2	0	2005.0	2019.0
Fanconi Anemia	C0015625	TIMM8A	1678	O60220	translocase of inner mitochondrial membrane 8A		200	0.51	0.846	0.65195	0.02		1.0	2	0	1991.0	2015.0
Fanconi Anemia	C0015625	CTSB	1508	P07858	cathepsin B	Enzyme	304	0.457	0.846	5.8819e-11	0.02		1.0	2	0	2008.0	2012.0
Fanconi Anemia	C0015625	FAAP100	80233	Q0VG06	FA core complex associated protein 100		2	0.931	0.115	2.6956e-05	0.02		1.0	2	0	2018.0	2019.0
Fanconi Anemia	C0015625	BCR	613	P11274	BCR activator of RhoGEF and GTPase	Enzyme modulator	392	0.431	0.885	0.98761	0.01		1.0	1	0	2011.0	2011.0
Fanconi Anemia	C0015625	RELA	5970	Q04206	RELA proto-oncogene, NF-kB subunit	Transcription factor	483	0.406	0.885	0.99948	0.01		1.0	1	0	2014.0	2014.0
Fanconi Anemia	C0015625	RNF4	6047	P78317	ring finger protein 4		27	0.705	0.462	0.79973	0.01		1.0	1	0	2015.0	2015.0
Fanconi Anemia	C0015625	BCL6	604	P41182	BCL6 transcription repressor		309	0.444	0.808	0.96038	0.01		1.0	1	0	2006.0	2006.0
Fanconi Anemia	C0015625	TNFSF10	8743	P50591	TNF superfamily member 10	Signaling	445	0.413	0.885	0.13495	0.01		1.0	1	0	2004.0	2004.0
Fanconi Anemia	C0015625	REV3L	5980	O60673	REV3 like, DNA directed polymerase zeta catalytic subunit		95	0.588	0.654	1.0	0.01		1.0	1	0	2016.0	2016.0
Fanconi Anemia	C0015625	PKNOX2	63876	Q96KN3	PBX/knotted 1 homeobox 2	Enzyme	19	0.743	0.5	0.99174	0.01		1.0	1	0	2019.0	2019.0
Fanconi Anemia	C0015625	CCNE1	898	P24864	cyclin E1	Enzyme modulator	133	0.538	0.731	0.97187	0.01		1.0	1	0	2014.0	2014.0
Fanconi Anemia	C0015625	XPR1	9213	Q9UBH6	xenotropic and polytropic retrovirus receptor 1	Transporter	217	0.488	0.731	0.99999	0.01		1.0	1	0	2019.0	2019.0
Fanconi Anemia	C0015625	BCS1L	617	Q9Y276	BCS1 homolog, ubiquinol-cytochrome c reductase complex chaperone		172	0.534	0.808	4.6972e-13	0.01		1.0	1	0	2016.0	2016.0
Fanconi Anemia	C0015625	CPNE3	8895	O75131	copine 3		24	0.711	0.5	1.7777e-25	0.01		1.0	1	0	2018.0	2018.0
Fanconi Anemia	C0015625	CCNB1	891	P14635	cyclin B1	Enzyme modulator	155	0.512	0.731	0.15993	0.01		1.0	1	0	2014.0	2014.0
Fanconi Anemia	C0015625	CCK	885	P06307	cholecystokinin		326	0.453	0.846	3.3034e-05	0.01		1.0	1	0	2018.0	2018.0
Fanconi Anemia	C0015625	CCL3	6348	P10147	C-C motif chemokine ligand 3	Signaling	282	0.46	0.885	0.34981	0.01		1.0	1	0	2012.0	2012.0
Fanconi Anemia	C0015625	MBD2	8932	Q9UBB5	methyl-CpG binding domain protein 2	Epigenetic regulator	256	0.466	0.846	0.34957	0.01		1.0	1	0	2018.0	2018.0
Fanconi Anemia	C0015625	GGH	8836	Q92820	gamma-glutamyl hydrolase	Enzyme	66	0.608	0.5	0.58132	0.01		1.0	1	0	2019.0	2019.0
Fanconi Anemia	C0015625	BIK	638	Q13323	BCL2 interacting killer		48	0.653	0.462	5.0334e-06	0.01		1.0	1	0	2012.0	2012.0
Fanconi Anemia	C0015625	BMF	90427	Q96LC9	Bcl2 modifying factor		42	0.663	0.423	0.006758	0.01		1.0	1	0	2017.0	2017.0
Fanconi Anemia	C0015625	ATXN1	6310	P54253	ataxin 1		218	0.534	0.769	0.97498	0.01		1.0	1	0	2002.0	2002.0
Fanconi Anemia	C0015625	EXO1	9156	Q9UQ84	exonuclease 1	Enzyme	87	0.578	0.692	8.12e-13	0.01		1.0	1	0	2012.0	2012.0
Fanconi Anemia	C0015625	REG1A	5967	P05451	regenerating family member 1 alpha		264	0.467	0.846	1.3499e-05	0.01		1.0	1	0	2012.0	2012.0
Fanconi Anemia	C0015625	OPN1LW	5956	P04000	opsin 1, long wave sensitive	G-protein coupled receptor	197	0.497	0.808	0.97535	0.01		1.0	1	0	2000.0	2000.0
Fanconi Anemia	C0015625	RBBP8	5932	Q99708	RB binding protein 8, endonuclease	Transcription factor	110	0.584	0.808	3.0764e-12	0.01		1.0	1	0	2019.0	2019.0
Fanconi Anemia	C0015625	BAX	581	Q07812	BCL2 associated X, apoptosis regulator	Signaling	420	0.417	0.885	0.31746	0.01		1.0	1	0	2019.0	2019.0
Fanconi Anemia	C0015625	CD48	962	P09326	CD48 molecule		74	0.592	0.692	1.7302e-05	0.01		1.0	1	0	2002.0	2002.0
Fanconi Anemia	C0015625	CD68	968	P34810	CD68 molecule	Transporter	452	0.408	0.808	1.4063e-06	0.01		1.0	1	0	2017.0	2017.0
Fanconi Anemia	C0015625	HDAC9	9734	Q9UKV0	histone deacetylase 9	Epigenetic regulator	340	0.439	0.846	0.99973	0.01		1.0	1	0	2015.0	2015.0
Fanconi Anemia	C0015625	INSR	3643	P06213	insulin receptor	Kinase	452	0.432	0.846	3.6145e-05	0.01		1.0	1	0	2012.0	2012.0
Fanconi Anemia	C0015625	PTCH1	5727	Q13635	patched 1		604	0.398	0.885	1.0	0.01		1.0	1	0	2013.0	2013.0
Fanconi Anemia	C0015625	TELO2	9894	Q9Y4R8	telomere maintenance 2		37	0.695	0.5	7.2029e-14	0.01		1.0	1	0	2008.0	2008.0
Fanconi Anemia	C0015625	PSPH	5723	P78330	phosphoserine phosphatase	Enzyme	114	0.57	0.808	0.00096703	0.01		1.0	1	0	1998.0	1998.0
Fanconi Anemia	C0015625	SALL4	57167	Q9UJQ4	spalt like transcription factor 4	Transcription factor	245	0.489	0.769	0.99997	0.01		1.0	1	0	2013.0	2013.0
Fanconi Anemia	C0015625	TIGAR	57103	Q9NQ88	TP53 induced glycolysis regulatory phosphatase		71	0.599	0.692	0.7348	0.01		1.0	1	0	2019.0	2019.0
Fanconi Anemia	C0015625	CDH1	999	P12830	cadherin 1		508	0.401	0.808	0.14631	0.01		1.0	1	0	2015.0	2015.0
Fanconi Anemia	C0015625	RAC1	5879	P63000	Rac family small GTPase 1	Enzyme modulator	415	0.429	0.962	0.76228	0.01		1.0	1	0	2016.0	2016.0
Fanconi Anemia	C0015625	VPS9D1	9605	Q9Y2B5	VPS9 domain containing 1	Enzyme modulator	6	0.931	0.115	7.2069e-20	0.01		1.0	1	0	2019.0	2019.0
Fanconi Anemia	C0015625	UBL5	59286	Q9BZL1	ubiquitin like 5		29	0.686	0.5	0.016321	0.01		1.0	1	0	2015.0	2015.0
Fanconi Anemia	C0015625	MTDH	92140	Q86UE4	metadherin		200	0.491	0.769	0.32924	0.01		1.0	1	0	2019.0	2019.0
Fanconi Anemia	C0015625	RAD52	5893	P43351	RAD52 homolog, DNA repair protein	Nucleic acid binding	63	0.61	0.654	7.1128e-11	0.01		1.0	1	0	2018.0	2018.0
Fanconi Anemia	C0015625	MAPKAPK2	9261	P49137	MAPK activated protein kinase 2	Kinase	82	0.587	0.769	0.99957	0.01		1.0	1	0	2012.0	2012.0
Fanconi Anemia	C0015625	RECQL4	9401	O94761	RecQ like helicase 4	Enzyme	249	0.496	0.808	3.3132e-35	0.01		1.0	1	0	2018.0	2018.0
Fanconi Anemia	C0015625	GRAP2	9402	O75791	GRB2 related adaptor protein 2		538	0.394	0.923	0.00015256	0.01		1.0	1	0	2012.0	2012.0
Fanconi Anemia	C0015625	RAD51B	5890	O15315	RAD51 paralog B		126	0.556	0.769	2.079e-15	0.01		1.0	1	0	2019.0	2019.0
Fanconi Anemia	C0015625	CD33	945	P20138	CD33 molecule	Receptor	142	0.524	0.769	5.6888e-07	0.01		1.0	1	0	2001.0	2001.0
Fanconi Anemia	C0015625	TBPL1	9519	P62380	TATA-box binding protein like 1	Transcription factor	198	0.506	0.846	0.37902	0.01		1.0	1	0	2002.0	2002.0
Fanconi Anemia	C0015625	CD38	952	P28907	CD38 molecule	Enzyme	473	0.407	0.885	2.3129e-06	0.01		1.0	1	0	2011.0	2011.0
Fanconi Anemia	C0015625	CD44	960	P16070	CD44 molecule (Indian blood group)		711	0.363	0.962	2.4476e-07	0.01		1.0	1	0	2011.0	2011.0
Fanconi Anemia	C0015625	PCBP4	57060	P57723	poly(rC) binding protein 4	Enzyme	147	0.523	0.808	0.0023713	0.01		1.0	1	0	2000.0	2000.0
Fanconi Anemia	C0015625	WEE1	7465	P30291	WEE1 G2 checkpoint kinase	Kinase	116	0.545	0.769	0.99973	0.01		1.0	1	0	2015.0	2015.0
Fanconi Anemia	C0015625	LEPQTL1	7839		Leptin, serum levels of		60	0.638	0.385		0.01		1.0	1	0	2016.0	2016.0
Fanconi Anemia	C0015625	CXCR4	7852	P61073	C-X-C motif chemokine receptor 4	G-protein coupled receptor	739	0.362	0.923	0.017804	0.01		1.0	1	0	2008.0	2008.0
Fanconi Anemia	C0015625	ELOVL6	79071	Q9H5J4	ELOVL fatty acid elongase 6	Enzyme	51	0.623	0.731	0.96581	0.01		1.0	1	0	1997.0	1997.0
Fanconi Anemia	C0015625	TOP1	7150	P11387	DNA topoisomerase I	Enzyme	143	0.542	0.692	1.0	0.01		1.0	1	0	1984.0	1984.0
Fanconi Anemia	C0015625	FSD1	79187	Q9BTV5	fibronectin type III and SPRY domain containing 1		220	0.486	0.808	0.25199	0.01		1.0	1	0	2019.0	2019.0
Fanconi Anemia	C0015625	AIMP2	7965	Q13155	aminoacyl tRNA synthetase complex interacting multifunctional protein 2		555	0.393	0.923	0.008024	0.01		1.0	1	0	2012.0	2012.0
Fanconi Anemia	C0015625	NEIL1	79661	Q96FI4	nei like DNA glycosylase 1		59	0.623	0.769	4.9641e-07	0.01		1.0	1	0	2010.0	2010.0
Fanconi Anemia	C0015625	WNT5A	7474	P41221	Wnt family member 5A	Signaling	375	0.443	0.808	0.98732	0.01		1.0	1	0	2018.0	2018.0
Fanconi Anemia	C0015625	USP11	8237	P51784	ubiquitin specific peptidase 11	Enzyme	39	0.691	0.654	0.99996	0.01		1.0	1	0	2013.0	2013.0
Fanconi Anemia	C0015625	BRAP	8315	Q7Z569	BRCA1 associated protein		82	0.612	0.769	3.7512e-06	0.01		1.0	1	0	2010.0	2010.0
Fanconi Anemia	C0015625	ARHGAP24	83478	Q8N264	Rho GTPase activating protein 24		273	0.456	0.808	3.9495e-10	0.01		1.0	1	0	2005.0	2005.0
Fanconi Anemia	C0015625	TH	7054	P07101	tyrosine hydroxylase		321	0.462	0.885	1.6878e-06	0.01		1.0	1	0	2002.0	2002.0
Fanconi Anemia	C0015625	ZNF236	7776	Q9UL36	zinc finger protein 236	Transcription factor	20	0.722	0.5	1.0	0.01		1.0	1	0	2019.0	2019.0
Fanconi Anemia	C0015625	XRCC5	7520	P13010	X-ray repair cross complementing 5	Enzyme	113	0.554	0.808	0.99999	0.01		1.0	1	0	2001.0	2001.0
Fanconi Anemia	C0015625	TP73	7161	O15350	tumor protein p73	Transcription factor	300	0.449	0.808	0.99696	0.01		1.0	1	0	2005.0	2005.0
Fanconi Anemia	C0015625	WRN	7486	Q14191	WRN RecQ like helicase	Enzyme	172	0.524	0.808	2.6432e-34	0.01		1.0	1	0	2013.0	2013.0
Fanconi Anemia	C0015625	WT1	7490	P19544	WT1 transcription factor	Nucleic acid binding	446	0.422	0.808	0.99648	0.01		1.0	1	0	2014.0	2014.0
Fanconi Anemia	C0015625	EZR	7430	P15311	ezrin	Cellular structure	255	0.476	0.808	0.17989	0.01		1.0	1	0	2019.0	2019.0
Fanconi Anemia	C0015625	VCAM1	7412	P19320	vascular cell adhesion molecule 1		406	0.422	0.808	0.79791	0.01		1.0	1	0	2015.0	2015.0
Fanconi Anemia	C0015625	XPA	7507	P23025	XPA, DNA damage recognition and repair factor	Nucleic acid binding	209	0.52	0.846	7.8652e-05	0.01		1.0	1	0	1994.0	1994.0
Fanconi Anemia	C0015625	XPC	7508	Q01831	XPC complex subunit, DNA damage recognition and repair factor	Nucleic acid binding	211	0.504	0.808	3.6866e-11	0.01		1.0	1	0	2008.0	2008.0
Fanconi Anemia	C0015625	XPO1	7514	O14980	exportin 1	Receptor	178	0.504	0.692	1.0	0.01		1.0	1	0	2005.0	2005.0
Fanconi Anemia	C0015625	UBE2B	7320	P63146	ubiquitin conjugating enzyme E2 B		59	0.644	0.615	0.19663	0.01		1.0	1	0	2020.0	2020.0
Fanconi Anemia	C0015625	TYRO3	7301	Q06418	TYRO3 protein tyrosine kinase	Kinase	109	0.559	0.769	8.3343e-10	0.01		1.0	1	0	2007.0	2007.0
Fanconi Anemia	C0015625	XRCC4	7518	Q13426	X-ray repair cross complementing 4		192	0.528	0.769	8.2774e-07	0.01		1.0	1	0	1998.0	1998.0
Fanconi Anemia	C0015625	TRAF2	7186	Q12933	TNF receptor associated factor 2	Signaling	111	0.546	0.769	0.99979	0.01		1.0	1	0	2019.0	2019.0
Fanconi Anemia	C0015625	TPO	7173	P07202	thyroid peroxidase	Enzyme	306	0.455	0.846	1.8182e-21	0.01		1.0	1	0	2001.0	2001.0
Fanconi Anemia	C0015625	BCL2L12	83596	Q9HB09	BCL2 like 12		67	0.606	0.654	3.8273e-09	0.01		1.0	1	0	2018.0	2018.0
Fanconi Anemia	C0015625	TERF2	7014	Q15554	telomeric repeat binding factor 2		125	0.541	0.731	0.99237	0.01		1.0	1	0	2002.0	2002.0
Fanconi Anemia	C0015625	CAT	847	P04040	catalase	Enzyme	794	0.359	0.962	1.6263e-10	0.01		1.0	1	0	1987.0	1987.0
Fanconi Anemia	C0015625	WNK1	65125	Q9H4A3	WNK lysine deficient protein kinase 1	Kinase	460	0.416	0.846	1.0	0.01		1.0	1	0	2014.0	2014.0
Fanconi Anemia	C0015625	SLC1A3	6507	P43003	solute carrier family 1 member 3	Transporter	109	0.573	0.577	0.98914	0.01		1.0	1	0	2018.0	2018.0
Fanconi Anemia	C0015625	PPM1D	8493	O15297	protein phosphatase, Mg2+/Mn2+ dependent 1D	Enzyme	177	0.513	0.808	2.2321e-11	0.01		1.0	1	0	2019.0	2019.0
Fanconi Anemia	C0015625	MRPL36	64979	Q9P0J6	mitochondrial ribosomal protein L36		13	0.76	0.308		0.01		1.0	1	0	2007.0	2007.0
Fanconi Anemia	C0015625	CDK10	8558	Q15131	cyclin dependent kinase 10	Kinase	66	0.65	0.577	1.193e-16	0.01		1.0	1	0	1998.0	1998.0
Fanconi Anemia	C0015625	EFCAB6	64800	Q5THR3	EF-hand calcium binding domain 6		6	0.89	0.154	1.1933e-45	0.01		1.0	1	1	2019.0	2019.0
Fanconi Anemia	C0015625	CAV1	857	Q03135	caveolin 1	Enzyme modulator	633	0.388	0.885	0.008274	0.01		1.0	1	0	2013.0	2013.0
Fanconi Anemia	C0015625	GORASP1	64689	Q9BQQ3	golgi reassembly stacking protein 1		369	0.428	0.846	0.019543	0.01		1.0	1	0	2014.0	2014.0
Fanconi Anemia	C0015625	RUVBL1	8607	Q9Y265	RuvB like AAA ATPase 1		44	0.647	0.5	0.99902	0.01		1.0	1	0	2014.0	2014.0
Fanconi Anemia	C0015625	SFRP1	6422	Q8N474	secreted frizzled related protein 1		227	0.479	0.846	0.96457	0.01		1.0	1	0	1996.0	1996.0
Fanconi Anemia	C0015625	RUNX3	864	Q13761	RUNX family transcription factor 3	Transcription factor	281	0.459	0.731	0.84295	0.01		1.0	1	0	2018.0	2018.0
Fanconi Anemia	C0015625	CUL4B	8450	Q13620	cullin 4B	Enzyme	162	0.556	0.769	1.0	0.01		1.0	1	0	2019.0	2019.0
Fanconi Anemia	C0015625	SOAT1	6646	P35610	sterol O-acyltransferase 1	Enzyme	389	0.424	0.846	7.3621e-10	0.01		1.0	1	0	2011.0	2011.0
Fanconi Anemia	C0015625	FAM120B	84498	Q96EK7	family with sequence similarity 120B		4	0.89	0.154	7.4692e-11	0.01		1.0	1	0	2018.0	2018.0
Fanconi Anemia	C0015625	ZEB1	6935	P37275	zinc finger E-box binding homeobox 1	Transcription factor	310	0.442	0.808	0.96665	0.01		1.0	1	0	2005.0	2005.0
Fanconi Anemia	C0015625	TBX1	6899	O43435	T-box transcription factor 1	Transcription factor	417	0.433	0.808	0.83661	0.01		1.0	1	0	2019.0	2019.0
Fanconi Anemia	C0015625	TAP2	6891	Q03519	transporter 2, ATP binding cassette subfamily B member	Transporter	155	0.517	0.808	6.8911e-11	0.01		1.0	1	0	2011.0	2011.0
Fanconi Anemia	C0015625	SYT1	6857	P21579	synaptotagmin 1	Transporter	460	0.412	0.846	0.60038	0.01		1.0	1	0	2014.0	2014.0
Fanconi Anemia	C0015625	STAT5B	6777	P51692	signal transducer and activator of transcription 5B	Nucleic acid binding	357	0.442	0.808	0.99988	0.01		1.0	1	0	2011.0	2011.0
Fanconi Anemia	C0015625	STAT5A	6776	P42229	signal transducer and activator of transcription 5A	Nucleic acid binding	318	0.445	0.808	0.99994	0.01		1.0	1	0	2011.0	2011.0
Fanconi Anemia	C0015625	LOH19CR1	8378		loss of heterozygosity, 19, chromosomal region 1		96	0.569	0.808		0.01		1.0	1	0	2017.0	2017.0
Fanconi Anemia	C0015625	FSD1L	83856	Q9BXM9	fibronectin type III and SPRY domain containing 1 like		216	0.488	0.808	0.23386	0.01		1.0	1	0	2019.0	2019.0
Fanconi Anemia	C0015625	SPTBN1	6711	Q01082	spectrin beta, non-erythrocytic 1		76	0.619	0.538	1.0	0.01		1.0	1	0	2001.0	2001.0
Fanconi Anemia	C0015625	CASP8	841	Q14790	caspase 8	Enzyme	480	0.404	0.923	3.7236e-06	0.01		1.0	1	0	2000.0	2000.0
Fanconi Anemia	C0015625	SPP1	6696	P10451	secreted phosphoprotein 1		824	0.353	0.885	2.146e-06	0.01		1.0	1	0	2015.0	2015.0
Fanconi Anemia	C0015625	USP48	84196	Q86UV5	ubiquitin specific peptidase 48		18	0.743	0.308	1.0	0.01		1.0	1	0	2018.0	2018.0
Fanconi Anemia	C0015625	SELP	6403	P16109	selectin P		293	0.46	0.769	5.0448e-32	0.01		1.0	1	0	2014.0	2014.0
Fanconi Anemia	C0015625	SLC12A9	56996	Q9BXP2	solute carrier family 12 member 9	Transporter	280	0.454	0.769	1.1806e-15	0.01		1.0	1	0	2009.0	2009.0
Fanconi Anemia	C0015625	BABAM1	29086	Q9NWV8	BRISC and BRCA1 A complex member 1		27	0.678	0.385	0.96269	0.01		1.0	1	0	2015.0	2015.0
Fanconi Anemia	C0015625	FN1	2335	P02751	fibronectin 1	Signaling	724	0.365	0.962	0.0014045	0.01		1.0	1	0	2002.0	2002.0
Fanconi Anemia	C0015625	DKK1	22943	O94907	dickkopf WNT signaling pathway inhibitor 1		372	0.439	0.885	0.17423	0.01		1.0	1	0	2014.0	2014.0
Fanconi Anemia	C0015625	FOXF1	2294	Q12946	forkhead box F1		135	0.54	0.692	0.95792	0.01		1.0	1	0	2016.0	2016.0
Fanconi Anemia	C0015625	FHIT	2272	P49789	fragile histidine triad diadenosine triphosphatase		337	0.444	0.846	0.0057055	0.01		1.0	1	0	2005.0	2005.0
Fanconi Anemia	C0015625	FEN1	2237	P39748	flap structure-specific endonuclease 1	Enzyme	113	0.55	0.731	4.7743e-05	0.01		1.0	1	0	2017.0	2017.0
Fanconi Anemia	C0015625	ALDH1A1	216	P00352	aldehyde dehydrogenase 1 family member A1	Enzyme	270	0.46	0.846	0.95448	0.01		1.0	1	0	2014.0	2014.0
Fanconi Anemia	C0015625	EZH2	2146	Q15910	enhancer of zeste 2 polycomb repressive complex 2 subunit	Epigenetic regulator	653	0.376	0.885	1.0	0.01		1.0	1	0	2017.0	2017.0
Fanconi Anemia	C0015625	ERCC5	2073	P28715	ERCC excision repair 5, endonuclease		238	0.499	0.731	2.732e-13	0.01		1.0	1	0	2014.0	2014.0
Fanconi Anemia	C0015625	ERBB2	2064	P04626	erb-b2 receptor tyrosine kinase 2	Kinase	995	0.328	0.923	0.0059892	0.01		1.0	1	0	2009.0	2009.0
Fanconi Anemia	C0015625	EPO	2056	P01588	erythropoietin		646	0.381	0.885	0.01125	0.01		1.0	1	0	2013.0	2013.0
Fanconi Anemia	C0015625	EPHB2	2048	P29323	EPH receptor B2	Kinase	649	0.374	0.846	0.99997	0.01		1.0	1	0	2013.0	2013.0
Fanconi Anemia	C0015625	ENO1	2023	P06733	enolase 1	Enzyme	231	0.481	0.885	1.914e-05	0.01		1.0	1	0	2019.0	2019.0
Fanconi Anemia	C0015625	CENPX	201254	A8MT69	centromere protein X		18	0.736	0.423	0.11069	0.01		1.0	1	0	2010.0	2010.0
Fanconi Anemia	C0015625	EIF4E	1977	P06730	eukaryotic translation initiation factor 4E	Nucleic acid binding	317	0.448	0.846	0.94133	0.01		1.0	1	0	2000.0	2000.0
Fanconi Anemia	C0015625	EGR1	1958	P18146	early growth response 1	Nucleic acid binding	378	0.433	0.923	0.3509	0.01		1.0	1	0	2004.0	2004.0
Fanconi Anemia	C0015625	DNA2	1763	P51530	DNA replication helicase/nuclease 2		71	0.626	0.731	1.2748e-18	0.01		1.0	1	0	2012.0	2012.0
Fanconi Anemia	C0015625	AFP	174	P02771	alpha fetoprotein	Transporter	392	0.429	0.885	1.1383e-11	0.01		1.0	1	0	2017.0	2017.0
Fanconi Anemia	C0015625	FXN	2395	Q16595	frataxin	Enzyme	220	0.51	0.654	0.34491	0.01		1.0	1	0	1998.0	1998.0
Fanconi Anemia	C0015625	FRA16D	2463		fragile site, aphidicolin type, common, fra(16)(q23.2)		42	0.656	0.577		0.01		1.0	1	0	2005.0	2005.0
Fanconi Anemia	C0015625	GPX4	2879	P36969	glutathione peroxidase 4	Enzyme	201	0.516	0.808	4.7865e-05	0.01		1.0	1	0	1997.0	1997.0
Fanconi Anemia	C0015625	GOLGA4	2803	Q13439	golgin A4		39	0.656	0.692	9.481e-16	0.01		1.0	1	0	1999.0	1999.0
Fanconi Anemia	C0015625	GLRX	2745	P35754	glutaredoxin		65	0.619	0.577	5.6744e-07	0.01		1.0	1	0	2008.0	2008.0
Fanconi Anemia	C0015625	ZBTB32	27033	Q9Y2Y4	zinc finger and BTB domain containing 32		15	0.76	0.269	0.00025845	0.01		1.0	1	0	2002.0	2002.0
Fanconi Anemia	C0015625	GFAP	2670	P14136	glial fibrillary acidic protein		447	0.421	0.885	1.4601e-06	0.01		1.0	1	0	2019.0	2019.0
Fanconi Anemia	C0015625	RRDX	266719		Radial ray deficiency		10	0.805	0.154		0.01		1.0	1	0	2013.0	2013.0
Fanconi Anemia	C0015625	PHGDH	26227	O43175	phosphoglycerate dehydrogenase	Enzyme	288	0.484	0.885	0.00013308	0.01		1.0	1	0	2017.0	2017.0
Fanconi Anemia	C0015625	POLDIP2	26073	Q9Y2S7	DNA polymerase delta interacting protein 2		530	0.396	0.923	0.41407	0.01		1.0	1	0	2012.0	2012.0
Fanconi Anemia	C0015625	SETBP1	26040	Q9Y6X0	SET binding protein 1		257	0.503	0.808	1.0	0.01		1.0	1	0	2017.0	2017.0
Fanconi Anemia	C0015625	RNF19A	25897	Q9NV58	ring finger protein 19A, RBR E3 ubiquitin protein ligase	Enzyme	523	0.397	0.923	0.025305	0.01		1.0	1	0	2012.0	2012.0
Fanconi Anemia	C0015625	BRMS1	25855	Q9HCU9	BRMS1 transcriptional repressor and anoikis regulator		72	0.597	0.615	1.579e-07	0.01		1.0	1	0	2019.0	2019.0
Fanconi Anemia	C0015625	GABRG1	2565	Q8N1C3	gamma-aminobutyric acid type A receptor subunit gamma1	Ion channel	11	0.78	0.192	9.7634e-05	0.01		1.0	1	0	1995.0	1995.0
Fanconi Anemia	C0015625	GABRB1	2560	P18505	gamma-aminobutyric acid type A receptor subunit beta1	Ion channel	29	0.686	0.5	0.98116	0.01		1.0	1	0	2013.0	2013.0
Fanconi Anemia	C0015625	XRCC6	2547	P12956	X-ray repair cross complementing 6	Enzyme	119	0.552	0.769	0.99904	0.01		1.0	1	0	2010.0	2010.0
Fanconi Anemia	C0015625	FUS	2521	P35637	FUS RNA binding protein	Nucleic acid binding	301	0.47	0.846	0.9993	0.01		1.0	1	0	2020.0	2020.0
Fanconi Anemia	C0015625	FRZB	2487	Q92765	frizzled related protein		89	0.573	0.654	0.0010842	0.01		1.0	1	0	1996.0	1996.0
Fanconi Anemia	C0015625	MTOR	2475	P42345	mechanistic target of rapamycin kinase	Kinase	960	0.343	0.885	1.0	0.01		1.0	1	0	2013.0	2013.0
Fanconi Anemia	C0015625	NQO1	1728	P15559	NAD(P)H quinone dehydrogenase 1		368	0.434	0.885	1.1867e-09	0.01		1.0	1	0	2019.0	2019.0
Fanconi Anemia	C0015625	DHFR	1719	P00374	dihydrofolate reductase	Enzyme	191	0.513	0.808	0.0343	0.01		1.0	1	0	1989.0	1989.0
Fanconi Anemia	C0015625	AAVS1	17		adeno-associated virus integration site 1		78	0.595	0.731		0.01		1.0	1	0	2014.0	2014.0
Fanconi Anemia	C0015625	CLCN5	1184	P51795	chloride voltage-gated channel 5	Ion channel	101	0.593	0.577	0.99242	0.01		0.0	1	0	2007.0	2007.0
Fanconi Anemia	C0015625	CHEK2	11200	O96017	checkpoint kinase 2	Kinase	297	0.46	0.808	1.2103e-24	0.01		1.0	1	0	2019.0	2019.0
Fanconi Anemia	C0015625	FSTL1	11167	Q12841	follistatin like 1	Enzyme modulator	128	0.541	0.808	0.89403	0.01		1.0	1	0	1996.0	1996.0
Fanconi Anemia	C0015625	PPARGC1A	10891	Q9UBK2	PPARG coactivator 1 alpha	Transcription factor	350	0.453	0.885	0.9973	0.01		1.0	1	0	2019.0	2019.0
Fanconi Anemia	C0015625	RUVBL2	10856	Q9Y230	RuvB like AAA ATPase 2		23	0.743	0.385	0.99992	0.01		1.0	1	0	2014.0	2014.0
Fanconi Anemia	C0015625	PLK2	10769	Q9NYY3	polo like kinase 2	Kinase	97	0.575	0.808	0.9999	0.01		1.0	1	0	2008.0	2008.0
Fanconi Anemia	C0015625	CFL1	1072	P23528	cofilin 1		153	0.529	0.769	0.55563	0.01		1.0	1	0	2019.0	2019.0
Fanconi Anemia	C0015625	USP16	10600	Q9Y5T5	ubiquitin specific peptidase 16	Enzyme	11	0.805	0.346	1.8493e-09	0.01		1.0	1	0	2015.0	2015.0
Fanconi Anemia	C0015625	AHSA1	10598	O95433	activator of HSP90 ATPase activity 1		526	0.396	0.923	0.99896	0.01		1.0	1	0	2012.0	2012.0
Fanconi Anemia	C0015625	RACK1	10399	P63244	receptor for activated C kinase 1		118	0.545	0.808	0.99836	0.01		1.0	1	0	2018.0	2018.0
Fanconi Anemia	C0015625	IKZF1	10320	Q13422	IKAROS family zinc finger 1	Transcription factor	165	0.533	0.769	0.9986	0.01		1.0	1	0	2012.0	2012.0
Fanconi Anemia	C0015625	CDKN1A	1026	P38936	cyclin dependent kinase inhibitor 1A		490	0.403	0.769	0.0018575	0.01		1.0	1	0	2009.0	2009.0
Fanconi Anemia	C0015625	ABCC4	10257	O15439	ATP binding cassette subfamily C member 4	Transporter	146	0.536	0.769	1.0674e-07	0.01		1.0	1	0	2015.0	2015.0
Fanconi Anemia	C0015625	EDIL3	10085	O43854	EGF like repeats and discoidin domains 3	Enzyme	104	0.564	0.769	0.00014584	0.01		0.0	1	0	2002.0	2002.0
Fanconi Anemia	C0015625	PTPRU	10076	Q92729	protein tyrosine phosphatase receptor type U	Enzyme	88	0.581	0.654	0.39251	0.01		1.0	1	0	2012.0	2012.0
Fanconi Anemia	C0015625	DNM1L	10059	O00429	dynamin 1 like	Enzyme modulator	273	0.475	0.808	0.00056753	0.01		1.0	1	0	2019.0	2019.0
Fanconi Anemia	C0015625	DEL11P13	100528024		Wilms tumor, aniridia, genitourinary anomalies and mental retardation syndrome		24	0.716	0.538		0.01		1.0	1	0	2014.0	2014.0
Fanconi Anemia	C0015625	CCR7	1236	P32248	C-C motif chemokine receptor 7	G-protein coupled receptor	320	0.443	0.769	0.057623	0.01		1.0	1	0	2007.0	2007.0
Fanconi Anemia	C0015625	ABCC2	1244	Q92887	ATP binding cassette subfamily C member 2	Transporter	254	0.483	0.808	5.2025e-47	0.01		1.0	1	0	2015.0	2015.0
Fanconi Anemia	C0015625	SH2B3	10019	Q9UQQ2	SH2B adaptor protein 3		212	0.527	0.692	0.00010289	0.01		1.0	1	0	2018.0	2018.0
Fanconi Anemia	C0015625	RNF168	165918	Q8IYW5	ring finger protein 168		64	0.653	0.731	2.0514e-13	0.01		1.0	1	0	2012.0	2012.0
Fanconi Anemia	C0015625	DAXX	1616	Q9UER7	death domain associated protein		137	0.544	0.692	0.098633	0.01		1.0	1	0	2019.0	2019.0
Fanconi Anemia	C0015625	CYP11A1	1583	P05108	cytochrome P450 family 11 subfamily A member 1		166	0.547	0.731	5.4912e-07	0.01		1.0	1	0	2017.0	2017.0
Fanconi Anemia	C0015625	CYP2B6	1555	P20813	cytochrome P450 family 2 subfamily B member 6		388	0.428	0.846	1.9303e-10	0.01		0.0	1	0	1997.0	1997.0
Fanconi Anemia	C0015625	CYP2A6	1548	P11509	cytochrome P450 family 2 subfamily A member 6		133	0.556	0.731	5.401e-09	0.01		1.0	1	0	2017.0	2017.0
Fanconi Anemia	C0015625	CTNNB1	1499	P35222	catenin beta 1		1368	0.303	0.885	0.99999	0.01		1.0	1	0	2014.0	2014.0
Fanconi Anemia	C0015625	CTNS	1497	O60931	cystinosin, lysosomal cystine transporter		88	0.628	0.538	0.00030924	0.01		1.0	1	0	2019.0	2019.0
Fanconi Anemia	C0015625	CSF2	1437	P04141	colony stimulating factor 2	Signaling	1028	0.33	0.962	0.83468	0.01		1.0	1	0	2005.0	2005.0
Fanconi Anemia	C0015625	MAPK14	1432	Q16539	mitogen-activated protein kinase 14	Kinase	626	0.379	0.923	0.37466	0.01		1.0	1	0	2012.0	2012.0
Fanconi Anemia	C0015625	ROMO1	140823	P60602	reactive oxygen species modulator 1		41	0.666	0.615	0.234	0.01		1.0	1	0	2015.0	2015.0
Fanconi Anemia	C0015625	CRK	1398	P46108	CRK proto-oncogene, adaptor protein		544	0.394	0.923	0.95936	0.01		1.0	1	0	2012.0	2012.0
Fanconi Anemia	C0015625	CREBBP	1387	Q92793	CREB binding protein		438	0.428	0.808	1.0	0.01		1.0	1	0	2000.0	2000.0
Fanconi Anemia	C0015625	NDUFAF6	137682	Q330K2	NADH:ubiquinone oxidoreductase complex assembly factor 6		67	0.659	0.615	9.0736e-08	0.01		1.0	1	0	2016.0	2016.0
Fanconi Anemia	C0015625	SLCO6A1	133482	Q86UG4	solute carrier organic anion transporter family member 6A1	Transporter	449	0.412	0.885	2.8807e-11	0.01		1.0	1	0	2005.0	2005.0
Fanconi Anemia	C0015625	RBM45	129831	Q8IUH3	RNA binding motif protein 45		557	0.383	0.846	2.1132e-10	0.01		1.0	1	0	2008.0	2008.0
Fanconi Anemia	C0015625	ADH5	128	P11766	alcohol dehydrogenase 5 (class III), chi polypeptide	Enzyme	65	0.604	0.731	2.5356e-11	0.01		1.0	1	0	2018.0	2018.0
Fanconi Anemia	C0015625	FECD3	100380873		Corneal dystrophy, Fuchs endothelial, 3		11	0.769	0.385		0.01		1.0	1	0	2015.0	2015.0
Fanconi Anemia	C0015625	PSMA7	5688	O14818	proteasome 20S subunit alpha 7		48	0.659	0.462	0.98768	0.01		1.0	1	0	2019.0	2019.0
Fanconi Anemia	C0015625	ACP1	52	P24666	acid phosphatase 1		107	0.566	0.731	1.7531e-08	0.01		1.0	1	0	2012.0	2012.0
Fanconi Anemia	C0015625	UIMC1	51720	Q96RL1	ubiquitin interaction motif containing 1		23	0.736	0.346	8.2815e-07	0.01		1.0	1	0	2015.0	2015.0
Fanconi Anemia	C0015625	GINS2	51659	Q9Y248	GINS complex subunit 2	Enzyme	51	0.638	0.577	1.5745e-08	0.01		1.0	1	0	2011.0	2011.0
Fanconi Anemia	C0015625	PDGFRB	5159	P09619	platelet derived growth factor receptor beta	Kinase	492	0.416	0.846	0.9041	0.01		1.0	1	0	2019.0	2019.0
Fanconi Anemia	C0015625	ZBTB7A	51341	O95365	zinc finger and BTB domain containing 7A	Transcription factor	103	0.564	0.769	0.95915	0.01		1.0	1	0	2006.0	2006.0
Fanconi Anemia	C0015625	TLR8	51311	Q9NR97	toll like receptor 8		122	0.543	0.769	0.32401	0.01		1.0	1	0	2009.0	2009.0
Fanconi Anemia	C0015625	TLR7	51284	Q9NYK1	toll like receptor 7		276	0.464	0.885	0.97912	0.01		1.0	1	0	2012.0	2012.0
Fanconi Anemia	C0015625	CHMP1A	5119	Q9HD42	charged multivesicular body protein 1A		43	0.695	0.5	0.00028502	0.01		1.0	1	0	1998.0	1998.0
Fanconi Anemia	C0015625	PAX6	5080	P26367	paired box 6		340	0.45	0.769	0.99975	0.01		1.0	1	0	2014.0	2014.0
Fanconi Anemia	C0015625	NOTCH1	4851	P46531	notch receptor 1		693	0.369	0.885	1.0	0.01		1.0	1	0	2008.0	2008.0
Fanconi Anemia	C0015625	NME1	4830	P15531	NME/NM23 nucleoside diphosphate kinase 1	Kinase	329	0.443	0.808	0.0031764	0.01		1.0	1	0	2008.0	2008.0
Fanconi Anemia	C0015625	NCAM1	4684	P13591	neural cell adhesion molecule 1		445	0.415	0.885	0.99999	0.01		1.0	1	0	2014.0	2014.0
Fanconi Anemia	C0015625	MYH4	4622	Q9Y623	myosin heavy chain 4		6	0.839	0.231	1.0355e-55	0.01		1.0	1	0	2019.0	2019.0
Fanconi Anemia	C0015625	MYH2	4620	Q9UKX2	myosin heavy chain 2		77	0.619	0.731	3.6703e-23	0.01		1.0	1	0	2019.0	2019.0
Fanconi Anemia	C0015625	MTHFR	4524	P42898	methylenetetrahydrofolate reductase		985	0.337	0.885	3.2068e-10	0.01		0.0	1	4	2018.0	2018.0
Fanconi Anemia	C0015625	MSH3	4437	P20585	mutS homolog 3	Nucleic acid binding	245	0.474	0.769	7.4413e-31	0.01		1.0	1	0	2011.0	2011.0
Fanconi Anemia	C0015625	XRCC6P5	442459		X-ray repair cross complementing 6 pseudogene 5		84	0.579	0.769		0.01		1.0	1	0	2016.0	2016.0
Fanconi Anemia	C0015625	PFKFB3	5209	Q16875	6-phosphofructo-2-kinase/fructose-2,6-biphosphatase 3	Kinase	104	0.561	0.808	0.24579	0.01		1.0	1	0	2019.0	2019.0
Fanconi Anemia	C0015625	SLC25A3	5250	Q00325	solute carrier family 25 member 3	Transporter	112	0.566	0.692	0.074834	0.01		1.0	1	0	2012.0	2012.0
Fanconi Anemia	C0015625	RETN	56729	Q9HD89	resistin		302	0.454	0.808	0.036545	0.01		1.0	1	0	2015.0	2015.0
Fanconi Anemia	C0015625	PSEN1	5663	P49768	presenilin 1	Enzyme	369	0.469	0.846	0.97322	0.01		1.0	1	0	1998.0	1998.0
Fanconi Anemia	C0015625	EIF2AK2	5610	P19525	eukaryotic translation initiation factor 2 alpha kinase 2	Kinase	142	0.538	0.769	0.017643	0.01		1.0	1	0	2003.0	2003.0
Fanconi Anemia	C0015625	MAPK8	5599	P45983	mitogen-activated protein kinase 8	Kinase	520	0.397	0.885	0.99823	0.01		1.0	1	0	2004.0	2004.0
Fanconi Anemia	C0015625	PRKDC	5591	P78527	protein kinase, DNA-activated, catalytic subunit	Kinase	131	0.54	0.808	1.0	0.01		1.0	1	0	2012.0	2012.0
Fanconi Anemia	C0015625	PAG1	55824	Q9NWQ8	phosphoprotein membrane anchor with glycosphingolipid microdomains 1		174	0.505	0.808	0.017764	0.01		1.0	1	0	2000.0	2000.0
Fanconi Anemia	C0015625	ATF7IP	55729	Q6VMQ6	activating transcription factor 7 interacting protein		145	0.543	0.769	0.99993	0.01		1.0	1	0	1997.0	1997.0
Fanconi Anemia	C0015625	PRKAA2	5563	P54646	protein kinase AMP-activated catalytic subunit alpha 2	Kinase	317	0.456	0.846	3.5282e-08	0.01		1.0	1	0	2019.0	2019.0
Fanconi Anemia	C0015625	IL17RB	55540	Q9NRM6	interleukin 17 receptor B		68	0.601	0.808	4.4601e-11	0.01		1.0	1	0	2019.0	2019.0
Fanconi Anemia	C0015625	MCM10	55388	Q7L590	minichromosome maintenance 10 replication initiation factor		28	0.691	0.462	4.3797e-15	0.01		1.0	1	0	2020.0	2020.0
Fanconi Anemia	C0015625	NEIL3	55247	Q8TAT5	nei like DNA glycosylase 3	Enzyme	21	0.729	0.462	1.522e-09	0.01		1.0	1	0	2019.0	2019.0
Fanconi Anemia	C0015625	PARPBP	55010	Q9NWS1	PARP1 binding protein		26	0.716	0.462	1.1929e-16	0.01		1.0	1	0	2012.0	2012.0
Fanconi Anemia	C0015625	CT55	54967	Q8WUE5	cancer/testis antigen 55		18	0.736	0.308	0.48549	0.01		1.0	1	0	2007.0	2007.0
Fanconi Anemia	C0015625	ATRX	546	P46100	ATRX chromatin remodeler		412	0.452	0.808	1.0	0.01		1.0	1	0	2018.0	2018.0
Fanconi Anemia	C0015625	PMS1	5378	P54277	PMS1 homolog 1, mismatch repair system component	Nucleic acid binding	115	0.569	0.654	1.3178e-17	0.01		1.0	1	0	2013.0	2013.0
Fanconi Anemia	C0015625	PIN1	5300	Q13526	peptidylprolyl cis/trans isomerase, NIMA-interacting 1		212	0.488	0.769	0.74031	0.01		1.0	1	0	2019.0	2019.0
Fanconi Anemia	C0015625	PHF1	5252	O43189	PHD finger protein 1	Nucleic acid binding	32	0.691	0.346	0.99956	0.01		1.0	1	0	2000.0	2000.0
Fanconi Anemia	C0015625	MRC1	4360	P22897	mannose receptor C-type 1		431	0.413	0.846	0.94335	0.01		1.0	1	0	2011.0	2011.0
Fanconi Anemia	C0015625	MMP7	4316	P09237	matrix metallopeptidase 7	Enzyme	320	0.446	0.885	1.0404e-09	0.01		1.0	1	0	2008.0	2008.0
Fanconi Anemia	C0015625	MMP2	4313	P08253	matrix metallopeptidase 2	Enzyme	1021	0.333	0.923	0.83878	0.01		1.0	1	0	2017.0	2017.0
Fanconi Anemia	C0015625	AR	367	P10275	androgen receptor	Nuclear receptor	854	0.351	0.846	0.98837	0.01		1.0	1	0	1999.0	1999.0
Fanconi Anemia	C0015625	INHBA	3624	P08476	inhibin subunit beta A	Signaling	83	0.601	0.615	0.97979	0.01		1.0	1	0	1996.0	1996.0
Fanconi Anemia	C0015625	IL10	3586	P22301	interleukin 10		1679	0.281	0.923	0.0058874	0.01		1.0	1	1	2012.0	2012.0
Fanconi Anemia	C0015625	IL3RA	3563	P26951	interleukin 3 receptor subunit alpha	Signaling	95	0.56	0.769	2.9891e-27	0.01		1.0	1	0	2011.0	2011.0
Fanconi Anemia	C0015625	ICAM1	3383	P05362	intercellular adhesion molecule 1		737	0.364	0.962	0.035295	0.01		1.0	1	0	2015.0	2015.0
Fanconi Anemia	C0015625	HSPA4	3308	P34932	heat shock protein family A (Hsp70) member 4		550	0.394	0.923	0.99954	0.01		1.0	1	0	2017.0	2017.0
Fanconi Anemia	C0015625	HLA-DRB1	3123	P01911	major histocompatibility complex, class II, DR beta 1	Immune response	1018	0.333	0.923	0.0010997	0.01		1.0	1	0	2008.0	2008.0
Fanconi Anemia	C0015625	HIF1A	3091	Q16665	hypoxia inducible factor 1 subunit alpha	Transcription factor	1044	0.327	0.923	0.9777	0.01		1.0	1	0	2010.0	2010.0
Fanconi Anemia	C0015625	HIC1	3090	Q14526	HIC ZBTB transcriptional repressor 1	Transcription factor	163	0.522	0.615	0.13002	0.01		1.0	1	0	2006.0	2006.0
Fanconi Anemia	C0015625	HBG2	3048	P69892	hemoglobin subunit gamma 2		112	0.565	0.692	0.66982	0.01		1.0	1	0	2013.0	2013.0
Fanconi Anemia	C0015625	DONSON	29980	Q9NYP3	downstream neighbor of SON		55	0.636	0.538	1.319e-07	0.01		1.0	1	0	2018.0	2018.0
Fanconi Anemia	C0015625	GYPE	2996	P15421	glycophorin E (MNS blood group)		83	0.578	0.808	0.0036896	0.01		1.0	1	0	1993.0	1993.0
Fanconi Anemia	C0015625	GYPB	2994	P06028	glycophorin B (MNS blood group)		80	0.585	0.808	8.3815e-05	0.01		1.0	1	0	1993.0	1993.0
Fanconi Anemia	C0015625	GPR132	29933	Q9UNW8	G protein-coupled receptor 132	G-protein coupled receptor	26	0.722	0.462	0.016959	0.01		1.0	1	0	2008.0	2008.0
Fanconi Anemia	C0015625	GSTT1	2952	P30711	glutathione S-transferase theta 1		541	0.393	0.923	0.00014834	0.01		0.0	1	0	2005.0	2005.0
Fanconi Anemia	C0015625	GSTP1	2950	P09211	glutathione S-transferase pi 1		610	0.383	0.923	0.014155	0.01		1.0	1	0	2005.0	2005.0
Fanconi Anemia	C0015625	GSTM1	2944	P09488	glutathione S-transferase mu 1		627	0.38	0.923	0.0020641	0.01		1.0	1	0	2005.0	2005.0
Fanconi Anemia	C0015625	ITGB1	3688	P05556	integrin subunit beta 1	Receptor	210	0.496	0.808	0.98208	0.01		0.0	1	0	2018.0	2018.0
Fanconi Anemia	C0015625	JAK2	3717	O60674	Janus kinase 2	Kinase	644	0.385	0.885	0.65372	0.01		1.0	1	0	2011.0	2011.0
Fanconi Anemia	C0015625	KMT2A	4297	Q03164	lysine methyltransferase 2A		535	0.41	0.885	1.0	0.01		1.0	1	0	2000.0	2000.0
Fanconi Anemia	C0015625	CIITA	4261	P33076	class II major histocompatibility complex transactivator		149	0.536	0.808	1.3618e-07	0.01		1.0	1	0	2015.0	2015.0
Fanconi Anemia	C0015625	MGMT	4255	P16455	O-6-methylguanine-DNA methyltransferase		444	0.412	0.885	1.1756e-07	0.01		1.0	1	0	2009.0	2009.0
Fanconi Anemia	C0015625	MEN1	4221	O00255	menin 1		364	0.444	0.808	0.99971	0.01		1.0	1	0	1995.0	1995.0
Fanconi Anemia	C0015625	MEF2C	4208	Q06413	myocyte enhancer factor 2C	Transcription factor	206	0.517	0.769	0.017256	0.01		1.0	1	0	2019.0	2019.0
Fanconi Anemia	C0015625	MECP2	4204	P51608	methyl-CpG binding protein 2	Epigenetic regulator	664	0.414	0.846	0.89382	0.01		1.0	1	0	2019.0	2019.0
Fanconi Anemia	C0015625	MCM6	4175	Q14566	minichromosome maintenance complex component 6	Enzyme	41	0.666	0.615	0.97833	0.01		1.0	1	0	2020.0	2020.0
Fanconi Anemia	C0015625	MCM4	4173	P33991	minichromosome maintenance complex component 4	Enzyme	43	0.666	0.654	0.00014571	0.01		1.0	1	0	2012.0	2012.0
Fanconi Anemia	C0015625	SMAD4	4089	Q13485	SMAD family member 4	Transcription factor	575	0.401	0.808	0.99881	0.01		1.0	1	0	2009.0	2009.0
Fanconi Anemia	C0015625	MIR34A	407040		microRNA 34a		428	0.421	0.846		0.01		1.0	1	0	2013.0	2013.0
Fanconi Anemia	C0015625	MIR181C	406957		microRNA 181c		103	0.555	0.769		0.01		1.0	1	0	2012.0	2012.0
Fanconi Anemia	C0015625	MIR146A	406938		microRNA 146a		505	0.398	0.885		0.01		0.0	1	0	2016.0	2016.0
Fanconi Anemia	C0015625	LRP2	4036	P98164	LDL receptor related protein 2		254	0.491	0.846	0.99999	0.01		1.0	1	0	1999.0	1999.0
Fanconi Anemia	C0015625	LPL	4023	P06858	lipoprotein lipase	Enzyme	290	0.474	0.808	1.2712e-09	0.01		1.0	1	0	2018.0	2018.0
Fanconi Anemia	C0015625	STMN1	3925	P16949	stathmin 1		284	0.458	0.885	0.075244	0.01		1.0	1	0	2015.0	2015.0
Fanconi Anemia	C0015625	KIT	3815	P10721	KIT proto-oncogene, receptor tyrosine kinase	Kinase	715	0.366	0.808	0.98087	0.01		1.0	1	0	1992.0	1992.0
Fanconi Anemia	C0015625	GSTK1	373156	Q9Y2Q3	glutathione S-transferase kappa 1		445	0.412	0.885	1.9374e-06	0.01		1.0	1	0	2005.0	2005.0
Fanconi Anemia	C0015625	GSK3B	2932	P49841	glycogen synthase kinase 3 beta	Kinase	393	0.43	0.846	0.95571	0.01		1.0	1	0	2014.0	2014.0
